<?xml version="1.0" encoding="UTF-8"?>
<lint>
    <!-- INFO -->
    <issue id="IconMissingDensityFolder" severity="info" />

    <!-- WARNING -->
    <issue id="RtlSymmetry" severity="warning" />

    <issue id="NewApi">
        <warning path="src/main/res/values/reader_styles.xml" />
        <warning path="src/main/res/values/styles.xml" />
    </issue>

    <!-- ERROR -->
    <issue id="SimpleDateFormat" severity="error" />
    <issue id="RtlCompat" severity="error" />
    <issue id="DefaultLocale" severity="error" />
    <issue id="RtlHardcoded" severity="error" />
    <issue id="InconsistentArrays" severity="error" />
    <issue id="HardcodedText" severity="error" />
    <issue id="IconDuplicates" severity="error" />
    <issue id="IconDipSize" severity="error" />
    <issue id="InconsistentArrays" severity="error" />
    <issue id="StringFormatCount" severity="error" />

    <issue id="TypographyEllipsis" severity="error"/>

    <issue id="ScrollViewSize" severity="error" />
    <issue id="ApplySharedPref" severity="error" />
    <issue id="CustomViewStyleable" severity="error" />
    <issue id="DuplicateIncludedIds" severity="error" />
    <issue id="InconsistentLayout" severity="error" />
    <issue id="InlinedApi" severity="error" />
    <issue id="InconsistentLayout" severity="error" />
    <issue id="InlinedApi" severity="error" />
    <issue id="UnknownIdInLayout" severity="error" />
    <issue id="GradleOverrides" severity="error" />
    <issue id="ExtraText" severity="error" />
    <issue id="SpUsage" severity="error" />
    <issue id="SwitchIntDef" severity="error" />
    <issue id="Typos" severity="error" />
    <issue id="AddJavascriptInterface" severity="error" />
    <issue id="DrawAllocation" severity="error" />
    <issue id="Recycle" severity="error" />
    <issue id="ObsoleteLayoutParam" severity="error" />
    <issue id="ObsoleteSdkInt" severity="error" />
    <issue id="ViewHolder" severity="error" />
    <issue id="DuplicateDivider" severity="error" />
    <issue id="UseSparseArrays" severity="error" />
    <issue id="InefficientWeight" severity="error" />
    <issue id="UnusedResources" severity="error" />
    <issue id="UselessParent" severity="error" />
    <issue id="UnusedNamespace" severity="error" />
    <issue id="TypographyDashes" severity="error" />
    <issue id="TypographyEllipsis" severity="error" />
    <issue id="IconLocation" severity="error" />
    <issue id="TextFields" severity="error" />
    <issue id="SmallSp" severity="error" />
    <issue id="StaticFieldLeak" severity="error" />
    <issue id="SetTextI18n" severity="error" />
    <issue id="RelativeOverlap" severity="error" />
    <issue id="PrivateResource" severity="error" />
    <issue id="StaticFieldLeak" severity="error" />
    <issue id="ContentDescription" severity="error" />
    <issue id="ClickableViewAccessibility" severity="error" />
    <issue id="KeyboardInaccessibleWidget" severity="error" />

    <!-- IGNORE -->
    <issue id="MissingTranslation" severity="ignore" />
    <issue id="ExtraTranslation" severity="ignore" />
    <issue id="PluralsCandidate" severity="ignore" /> <!-- GlotPress doesn't support plurals -->
    <issue id="LabelFor" severity="ignore" /> <!-- Severity should be increased to error when minSdk >= 17 -->
    <issue id="OldTargetApi" severity="ignore" /> <!-- We are aware of down sides of having an old targetApi -->

    <issue id="InvalidPackage">
        <ignore regexp="okio-1.9.0.jar" />
    </issue>

    <issue id="IconLauncherFormat">
        <ignore path="src/main/res/mipmap-anydpi-v26/app_icon.xml" />
    </issue>

    <issue id="UnusedResources" severity="error">
        <ignore path="**/WordPressEditor/**" />
        <ignore path="**/WordPressLoginFlow/**" />
        <ignore path="**/.gradle/caches/**" />
        <ignore path="**/generated/**" />
        <ignore regexp=".*\/values\-([a-z]|[A-Z]|\-){2,6}\/strings\.xml$"/>
    </issue>

    <issue id="Typos" severity="error">
        <ignore regexp=".*\/values\-([a-z]|[A-Z]|\-){2,6}\/strings\.xml$"/>
    </issue>
</lint>
